ID	Sentiment1,neg
2,neg
3,neg
4,neg
5,pos
6,neg
7,pos
8,neg
9,pos
10,neg
11,pos
12,neg
13,neg
14,neg
15,pos
16,neg
17,neg
18,pos
19,neg
20,pos
21,neg
22,neg
23,pos
24,pos
25,neg
26,neg
27,neg
28,pos
29,neg
30,neg
31,neg
32,neg
33,neg
34,pos
35,neg
36,pos
37,neg
38,pos
39,pos
40,neg
41,pos
42,pos
43,neg
44,pos
45,neg
46,neg
47,pos
48,pos
49,neg
50,neg
51,neg
52,neg
53,neg
54,neg
55,neg
56,pos
57,neg
58,pos
59,pos
60,pos
61,pos
62,neg
63,pos
64,neg
65,pos
66,pos
67,neg
68,neg
69,neg
70,neg
71,pos
72,neg
73,neg
74,neg
75,pos
76,neg
77,neg
78,pos
79,neg
80,neg
81,neg
82,pos
83,pos
84,pos
85,pos
86,pos
87,neg
88,pos
89,neg
90,neg
91,pos
92,pos
93,neg
94,pos
95,neg
96,pos
97,neg
98,neg
99,pos
100,pos
101,neg
102,neg
103,neg
104,pos
105,neg
106,neg
107,pos
108,neg
109,neg
110,neg
111,pos
112,pos
113,pos
114,neg
115,pos
116,neg
117,neg
118,pos
119,neg
120,pos
121,neg
122,neg
123,neg
124,neg
125,neg
126,pos
127,pos
128,neg
129,neg
130,neg
131,neg
132,neg
133,pos
134,pos
135,neg
136,neg
137,neg
138,pos
139,neg
140,pos
141,pos
142,neg
143,neg
144,pos
145,neg
146,neg
147,neg
148,neg
149,pos
150,pos
151,neg
152,neg
153,pos
154,pos
155,pos
156,pos
157,neg
158,pos
159,pos
160,pos
161,pos
162,neg
163,neg
164,pos
165,neg
166,neg
167,neg
168,neg
169,neg
170,neg
171,neg
172,pos
173,neg
174,pos
175,pos
176,neg
177,neg
178,pos
179,pos
180,neg
181,neg
182,neg
183,pos
184,neg
185,neg
186,pos
187,pos
188,pos
189,neg
190,pos
191,pos
192,neg
193,pos
194,pos
195,neg
196,pos
197,pos
198,neg
199,pos
200,neg
201,pos
202,pos
203,neg
204,neg
205,pos
206,neg
207,neg
208,pos
209,pos
210,pos
211,neg
212,neg
213,pos
214,neg
215,pos
216,pos
217,neg
218,neg
219,neg
220,neg
221,pos
222,pos
223,pos
224,neg
225,neg
226,neg
227,neg
228,pos
229,pos
230,neg
231,pos
232,pos
233,neg
234,pos
235,neg
236,pos
237,neg
238,neg
239,neg
240,neg
241,pos
242,pos
243,neg
244,pos
245,pos
246,neg
247,pos
248,neg
249,neg
250,neg
251,neg
252,neg
253,pos
254,pos
255,neg
256,neg
257,pos
258,neg
259,pos
260,neg
261,neg
262,pos
263,pos
264,neg
265,neg
266,pos
267,pos
268,neg
269,pos
270,pos
271,neg
272,pos
273,pos
274,neg
275,neg
276,pos
277,neg
278,neg
279,pos
280,neg
281,pos
282,neg
283,neg
284,neg
285,neg
286,neg
287,pos
288,pos
289,neg
290,pos
291,pos
292,neg
293,neg
294,pos
295,neg
296,pos
297,neg
298,pos
299,neg
300,neg
301,neg
302,neg
303,pos
304,pos
305,pos
306,neg
307,pos
308,neg
309,neg
310,pos
311,pos
312,pos
313,neg
314,neg
315,pos
316,pos
317,neg
318,pos
319,neg
320,neg
321,pos
322,neg
323,pos
324,neg
325,pos
326,pos
327,pos
328,pos
329,neg
330,pos
331,neg
332,pos
333,neg
334,pos
335,pos
336,pos
337,neg
338,neg
339,neg
340,neg
341,neg
342,neg
343,pos
344,pos
345,pos
346,pos
347,pos
348,pos
349,pos
350,neg
351,pos
352,neg
353,pos
354,neg
355,pos
356,pos
357,neg
358,pos
359,neg
360,neg
361,neg
362,pos
363,neg
364,neg
365,neg
366,neg
367,neg
368,neg
369,pos
370,neg
371,pos
372,neg
373,pos
374,neg
375,pos
376,neg
377,pos
378,pos
379,pos
380,pos
381,neg
382,pos
383,neg
384,neg
385,pos
386,neg
387,neg
388,pos
389,neg
390,neg
391,neg
392,neg
393,pos
394,neg
395,pos
396,neg
397,pos
398,neg
399,neg
400,neg
401,pos
402,pos
403,neg
404,pos
405,pos
406,neg
407,pos
408,neg
409,neg
410,pos
411,neg
412,neg
413,neg
414,pos
415,pos
416,neg
417,pos
418,neg
419,neg
420,neg
421,pos
422,neg
423,pos
424,neg
425,pos
426,pos
427,pos
428,pos
429,neg
430,neg
431,pos
432,neg
433,pos
434,neg
435,pos
436,neg
437,pos
438,pos
439,pos
440,pos
441,pos
442,neg
443,neg
444,neg
445,pos
446,neg
447,pos
448,neg
449,neg
450,neg
451,neg
452,neg
453,pos
454,neg
455,pos
456,pos
457,neg
458,pos
459,neg
460,neg
461,pos
462,pos
463,neg
464,pos
465,neg
466,pos
467,neg
468,neg
469,neg
470,neg
471,neg
472,pos
473,pos
474,pos
475,pos
476,neg
477,pos
478,pos
479,neg
480,neg
481,neg
482,neg
483,pos
484,neg
485,pos
486,neg
487,pos
488,neg
489,neg
490,pos
491,neg
492,pos
493,neg
494,neg
495,neg
496,neg
497,neg
498,neg
499,neg
500,neg
501,pos
502,pos
503,neg
504,pos
505,neg
506,neg
507,pos
508,neg
509,pos
510,pos
511,pos
512,pos
513,pos
514,neg
515,pos
516,pos
517,pos
518,neg
519,neg
520,pos
521,pos
522,pos
523,pos
524,neg
525,pos
526,pos
527,neg
528,neg
529,neg
530,pos
531,pos
532,pos
533,pos
534,neg
535,neg
536,neg
537,neg
538,pos
539,neg
540,pos
541,neg
542,neg
543,pos
544,pos
545,neg
546,pos
547,pos
548,pos
549,neg
550,pos
551,pos
552,pos
553,neg
554,neg
555,neg
556,neg
557,pos
558,neg
559,neg
560,neg
561,pos
562,pos
563,pos
564,neg
565,neg
566,pos
567,pos
568,pos
569,neg
570,pos
571,neg
572,neg
573,neg
574,pos
575,pos
576,pos
577,pos
578,pos
579,neg
580,neg
581,pos
582,neg
583,neg
584,pos
585,neg
586,pos
587,neg
588,pos
589,pos
590,neg
591,pos
592,neg
593,neg
594,pos
595,pos
596,pos
597,pos
598,neg
599,pos
600,pos
601,pos
602,neg
603,neg
604,pos
605,pos
606,neg
607,neg
608,pos
609,neg
610,pos
611,pos
612,pos
613,pos
614,pos
615,pos
616,pos
617,neg
618,pos
619,pos
620,pos
621,neg
622,pos
623,neg
624,pos
625,neg
626,pos
627,pos
628,pos
629,neg
630,neg
631,pos
632,neg
633,pos
634,pos
635,pos
636,neg
637,neg
638,neg
639,neg
640,neg
641,neg
642,neg
643,pos
644,neg
645,neg
646,neg
647,pos
648,pos
649,neg
650,pos
651,neg
652,pos
653,pos
654,pos
655,pos
656,neg
657,pos
658,neg
659,neg
660,neg
661,neg
662,neg
663,pos
664,neg
665,neg
666,neg
667,neg
668,neg
669,pos
670,pos
671,pos
672,neg
673,pos
674,neg
675,pos
676,pos
677,neg
678,neg
679,neg
680,neg
681,pos
682,pos
683,neg
684,pos
685,neg
686,pos
687,neg
688,neg
689,pos
690,neg
691,neg
692,neg
693,pos
694,pos
695,pos
696,neg
697,neg
698,pos
699,neg
700,pos
701,pos
702,neg
703,pos
704,pos
705,pos
706,neg
707,neg
708,pos
709,neg
710,pos
711,pos
712,neg
713,pos
714,neg
715,pos
716,neg
717,pos
718,neg
719,pos
720,neg
721,neg
722,pos
723,neg
724,pos
725,neg
726,pos
727,neg
728,pos
729,neg
730,neg
731,pos
732,neg
733,pos
734,pos
735,pos
736,neg
737,pos
738,pos
739,neg
740,pos
741,pos
742,pos
743,pos
744,pos
745,neg
746,neg
747,neg
748,neg
749,pos
750,pos
751,pos
752,neg
753,pos
754,pos
755,pos
756,pos
757,pos
758,pos
759,neg
760,pos
761,neg
762,pos
763,neg
764,pos
765,pos
766,pos
767,neg
768,neg
769,neg
770,neg
771,pos
772,pos
773,neg
774,neg
775,neg
776,neg
777,neg
778,pos
779,pos
780,pos
781,pos
782,pos
783,neg
784,neg
785,pos
786,neg
787,pos
788,pos
789,pos
790,neg
791,pos
792,pos
793,pos
794,neg
795,neg
796,neg
797,neg
798,pos
799,neg
800,pos
801,neg
802,neg
803,pos
804,pos
805,neg
806,neg
807,neg
808,neg
809,pos
810,pos
811,neg
812,neg
813,pos
814,neg
815,pos
816,pos
817,pos
818,neg
819,pos
820,pos
821,neg
822,neg
823,pos
824,pos
825,neg
826,pos
827,neg
828,pos
829,neg
830,pos
831,neg
832,neg
833,neg
834,pos
835,pos
836,pos
837,neg
838,neg
839,neg
840,neg
841,neg
842,pos
843,pos
844,pos
845,pos
846,pos
847,pos
848,neg
849,neg
850,pos
851,neg
852,neg
853,pos
854,neg
855,pos
856,pos
857,neg
858,pos
859,neg
860,pos
861,pos
862,neg
863,pos
864,pos
865,pos
866,neg
867,neg
868,pos
869,neg
870,neg
871,pos
872,pos
873,pos
874,neg
875,pos
876,neg
877,neg
878,neg
879,pos
880,pos
881,pos
882,neg
883,neg
884,neg
885,neg
886,pos
887,neg
888,neg
889,pos
890,pos
891,neg
892,pos
893,neg
894,neg
895,pos
896,neg
897,neg
898,pos
899,neg
900,neg
901,neg
902,pos
903,pos
904,neg
905,pos
906,pos
907,neg
908,pos
909,neg
910,neg
911,pos
912,neg
913,pos
914,neg
915,neg
916,pos
917,pos
918,pos
919,pos
920,pos
921,neg
922,pos
923,pos
924,neg
925,pos
926,neg
927,pos
928,pos
929,pos
930,neg
931,pos
932,neg
933,pos
934,neg
935,neg
936,pos
937,pos
938,neg
939,neg
940,neg
941,neg
942,pos
943,neg
944,neg
945,neg
946,pos
947,pos
948,pos
949,neg
950,neg
951,neg
952,neg
953,neg
954,neg
955,neg
956,neg
957,neg
958,neg
959,pos
960,pos
961,neg
962,neg
963,pos
964,neg
965,neg
966,neg
967,pos
968,neg
969,pos
970,neg
971,pos
972,neg
973,neg
974,neg
975,neg
976,pos
977,neg
978,neg
979,neg
980,neg
981,neg
982,pos
983,pos
984,neg
985,pos
986,pos
987,pos
988,pos
989,pos
990,neg
991,pos
992,pos
993,neg
994,neg
995,neg
996,neg
997,neg
998,pos
999,pos
1000,pos
1001,neg
1002,pos
1003,pos
1004,neg
1005,neg
1006,neg
1007,neg
1008,pos
1009,neg
1010,pos
1011,neg
1012,neg
1013,neg
1014,neg
1015,pos
1016,pos
1017,pos
1018,neg
1019,neg
1020,neg
1021,pos
1022,pos
1023,neg
1024,neg
1025,pos
1026,neg
1027,neg
1028,neg
1029,neg
1030,pos
1031,pos
1032,pos
1033,neg
1034,pos
1035,neg
1036,neg
1037,pos
1038,neg
1039,pos
1040,pos
1041,pos
1042,neg
1043,pos
1044,neg
1045,neg
1046,neg
1047,pos
1048,neg
1049,neg
1050,pos
1051,pos
1052,pos
1053,neg
1054,neg
1055,neg
1056,pos
1057,neg
1058,neg
1059,pos
1060,neg
1061,neg
1062,neg
1063,neg
1064,pos
1065,pos
1066,neg
1067,neg
1068,neg
1069,pos
1070,pos
1071,pos
1072,neg
1073,neg
1074,pos
1075,neg
1076,pos
1077,neg
1078,pos
1079,pos
1080,neg
1081,neg
1082,neg
1083,pos
1084,pos
1085,neg
1086,neg
1087,neg
1088,neg
1089,neg
1090,neg
1091,neg
1092,neg
1093,pos
1094,pos
1095,neg
1096,neg
1097,pos
1098,pos
1099,pos
1100,neg
1101,pos
1102,neg
1103,neg
1104,pos
1105,neg
1106,pos
1107,pos
1108,neg
1109,pos
1110,neg
1111,neg
1112,pos
1113,pos
1114,neg
1115,neg
1116,pos
1117,pos
1118,neg
1119,pos
1120,pos
1121,neg
1122,pos
1123,pos
1124,neg
1125,neg
1126,pos
1127,neg
1128,pos
1129,neg
1130,pos
1131,pos
1132,pos
1133,neg
1134,neg
1135,neg
1136,neg
1137,neg
1138,pos
1139,neg
1140,pos
1141,neg
1142,neg
1143,pos
1144,neg
1145,pos
1146,neg
1147,neg
1148,neg
1149,neg
1150,pos
1151,pos
1152,neg
1153,pos
1154,neg
1155,neg
1156,pos
1157,neg
1158,pos
1159,neg
1160,neg
1161,pos
1162,pos
1163,neg
1164,neg
1165,pos
1166,neg
1167,neg
1168,neg
1169,neg
1170,neg
1171,pos
1172,neg
1173,pos
1174,pos
1175,neg
1176,neg
1177,pos
1178,neg
1179,neg
1180,neg
1181,pos
1182,pos
1183,neg
1184,neg
1185,pos
1186,pos
1187,neg
1188,neg
1189,neg
1190,pos
1191,pos
1192,pos
1193,pos
1194,neg
1195,neg
1196,neg
1197,neg
1198,neg
1199,neg
1200,neg
1201,neg
1202,neg
1203,neg
1204,pos
1205,neg
1206,pos
1207,neg
1208,pos
1209,neg
1210,neg
1211,pos
1212,neg
1213,neg
1214,pos
1215,neg
1216,neg
1217,pos
1218,neg
1219,neg
1220,neg
1221,neg
1222,pos
1223,neg
1224,pos
1225,pos
1226,neg
1227,pos
1228,pos
1229,neg
1230,pos
1231,pos
1232,neg
1233,neg
1234,neg
1235,neg
1236,pos
1237,pos
1238,pos
1239,pos
1240,pos
1241,pos
1242,neg
1243,neg
1244,neg
1245,neg
1246,neg
1247,neg
1248,neg
1249,neg
1250,pos
1251,pos
1252,neg
1253,pos
1254,pos
1255,neg
1256,pos
1257,neg
1258,neg
1259,neg
1260,neg
1261,neg
1262,pos
1263,pos
1264,neg
1265,neg
1266,pos
1267,pos
1268,neg
1269,neg
1270,pos
1271,neg
1272,pos
1273,pos
1274,pos
1275,neg
1276,neg
1277,neg
1278,pos
1279,neg
1280,pos
1281,neg
1282,pos
1283,neg
1284,neg
1285,pos
1286,neg
1287,pos
1288,neg
1289,pos
1290,pos
1291,pos
1292,neg
1293,pos
1294,pos
1295,neg
1296,neg
1297,neg
1298,neg
1299,pos
1300,pos
1301,pos
1302,neg
1303,pos
1304,pos
1305,neg
1306,neg
1307,pos
1308,neg
1309,neg
1310,neg
1311,pos
1312,neg
1313,neg
1314,neg
1315,neg
1316,neg
1317,pos
1318,pos
1319,pos
1320,neg
1321,pos
1322,pos
1323,neg
1324,pos
1325,neg
1326,neg
1327,pos
1328,neg
1329,neg
1330,pos
1331,neg
1332,neg
1333,pos
1334,neg
1335,neg
1336,pos
1337,neg
1338,pos
1339,pos
1340,pos
1341,pos
1342,pos
1343,neg
1344,neg
1345,pos
1346,pos
1347,neg
1348,pos
1349,neg
1350,pos
1351,neg
1352,pos
1353,neg
1354,pos
1355,neg
1356,pos
1357,pos
1358,neg
1359,neg
1360,neg
1361,neg
1362,neg
1363,pos
1364,pos
1365,neg
1366,pos
1367,pos
1368,neg
1369,neg
1370,pos
1371,neg
1372,pos
1373,neg
1374,neg
1375,pos
1376,pos
1377,pos
1378,neg
1379,pos
1380,neg
1381,neg
1382,pos
1383,neg
1384,pos
1385,pos
1386,neg
1387,pos
1388,neg
1389,neg
1390,pos
1391,neg
1392,neg
1393,neg
1394,pos
1395,pos
1396,pos
1397,neg
1398,pos
1399,neg
1400,neg
1401,neg
1402,pos
1403,neg
1404,pos
1405,pos
1406,neg
1407,neg
1408,neg
1409,neg
1410,neg
1411,neg
1412,pos
1413,neg
1414,neg
1415,pos
1416,neg
1417,neg
1418,neg
1419,neg
1420,pos
1421,pos
1422,neg
1423,pos
1424,pos
1425,pos
1426,pos
1427,pos
1428,pos
1429,neg
1430,neg
1431,pos
1432,pos
1433,neg
1434,pos
1435,pos
1436,neg
1437,pos
1438,pos
1439,neg
1440,pos
1441,neg
1442,pos
1443,pos
1444,neg
1445,neg
1446,pos
1447,pos
1448,pos
1449,neg
1450,neg
1451,neg
1452,pos
1453,pos
1454,neg
1455,neg
1456,pos
1457,pos
1458,pos
1459,neg
1460,pos
1461,neg
1462,neg
1463,pos
1464,neg
1465,pos
1466,pos
1467,pos
1468,pos
1469,neg
1470,pos
1471,neg
1472,neg
1473,neg
1474,pos
1475,pos
1476,neg
1477,neg
1478,pos
1479,neg
1480,pos
1481,neg
1482,pos
1483,pos
1484,neg
1485,pos
1486,neg
1487,neg
1488,neg
1489,pos
1490,neg
1491,neg
1492,pos
1493,neg
1494,pos
1495,neg
1496,pos
1497,pos
1498,pos
1499,pos
1500,pos
1501,pos
1502,pos
1503,neg
1504,neg
1505,neg
1506,neg
1507,pos
1508,pos
1509,neg
1510,pos
1511,pos
1512,neg
1513,pos
1514,neg
1515,pos
1516,pos
1517,pos
1518,neg
1519,pos
1520,neg
1521,neg
1522,neg
1523,pos
1524,neg
1525,neg
1526,pos
1527,pos
1528,neg
1529,pos
1530,pos
1531,neg
1532,pos
1533,pos
1534,neg
1535,neg
1536,pos
1537,pos
1538,pos
1539,pos
1540,pos
1541,pos
1542,pos
1543,pos
1544,neg
1545,pos
1546,neg
1547,pos
1548,neg
1549,pos
1550,neg
1551,pos
1552,pos
1553,neg
1554,neg
1555,neg
1556,neg
1557,pos
1558,neg
1559,neg
1560,neg
1561,neg
1562,pos
1563,neg
1564,pos
1565,neg
1566,pos
1567,neg
1568,neg
1569,neg
1570,neg
1571,pos
1572,pos
1573,neg
1574,pos
1575,pos
1576,pos
1577,neg
1578,neg
1579,pos
1580,neg
1581,pos
1582,neg
1583,pos
1584,neg
1585,neg
1586,neg
1587,neg
1588,pos
1589,pos
1590,pos
1591,neg
1592,pos
1593,neg
1594,pos
1595,pos
1596,neg
1597,pos
1598,pos
1599,pos
1600,neg
1601,neg
1602,neg
1603,pos
1604,pos
1605,pos
1606,pos
1607,pos
1608,neg
1609,pos
1610,pos
1611,neg
1612,pos
1613,neg
1614,neg
1615,neg
1616,neg
1617,neg
1618,pos
1619,pos
1620,pos
1621,neg
1622,pos
1623,neg
1624,neg
1625,neg
1626,neg
1627,pos
1628,neg
1629,pos
1630,neg
1631,pos
1632,neg
1633,pos
1634,neg
1635,pos
1636,pos
1637,pos
1638,pos
1639,neg
1640,pos
1641,pos
1642,pos
1643,pos
1644,neg
1645,pos
1646,neg
1647,pos
1648,neg
1649,neg
1650,neg
1651,neg
1652,neg
1653,pos
1654,neg
1655,neg
1656,neg
1657,pos
1658,pos
1659,pos
1660,pos
1661,neg
1662,neg
1663,pos
1664,neg
1665,pos
1666,pos
1667,neg
1668,pos
1669,pos
1670,neg
1671,pos
1672,pos
1673,neg
1674,neg
1675,neg
1676,pos
1677,pos
1678,pos
1679,neg
1680,pos
1681,pos
1682,neg
1683,neg
1684,pos
1685,neg
1686,neg
1687,pos
1688,neg
1689,neg
1690,neg
1691,pos
1692,neg
1693,neg
1694,neg
1695,neg
1696,neg
1697,pos
1698,neg
1699,pos
1700,neg
1701,neg
1702,neg
1703,neg
1704,neg
1705,neg
1706,pos
1707,neg
1708,neg
1709,neg
1710,neg
1711,pos
1712,pos
1713,neg
1714,pos
1715,pos
1716,pos
1717,neg
1718,pos
1719,neg
1720,neg
1721,pos
1722,neg
1723,pos
1724,pos
1725,pos
1726,pos
1727,neg
1728,neg
1729,pos
1730,neg
1731,neg
1732,neg
1733,pos
1734,pos
1735,pos
1736,pos
1737,neg
1738,neg
1739,neg
1740,neg
1741,pos
1742,pos
1743,neg
1744,pos
1745,neg
1746,neg
1747,pos
1748,pos
1749,pos
1750,neg
1751,neg
1752,neg
1753,pos
1754,neg
1755,neg
1756,neg
1757,neg
1758,pos
1759,neg
1760,neg
1761,neg
1762,pos
1763,neg
1764,pos
1765,pos
1766,neg
1767,pos
1768,pos
1769,pos
1770,pos
1771,pos
1772,pos
1773,pos
1774,neg
1775,pos
1776,pos
1777,neg
1778,neg
1779,neg
1780,neg
1781,pos
1782,pos
1783,neg
1784,neg
1785,pos
1786,neg
1787,neg
1788,pos
1789,neg
1790,neg
1791,neg
1792,pos
1793,neg
1794,neg
1795,neg
1796,neg
1797,pos
1798,pos
1799,pos
1800,neg
1801,neg
1802,pos
1803,pos
1804,pos
1805,neg
1806,neg
1807,neg
1808,pos
1809,neg
1810,pos
1811,pos
1812,pos
1813,pos
1814,pos
1815,pos
1816,neg
1817,neg
1818,neg
1819,neg
1820,neg
1821,neg
1822,neg
1823,neg
1824,neg
1825,neg
1826,neg
1827,pos
1828,neg
1829,pos
1830,neg
1831,pos
1832,neg
1833,pos
1834,pos
1835,pos
1836,pos
1837,neg
1838,pos
1839,pos
1840,pos
1841,pos
1842,pos
1843,neg
1844,pos
1845,pos
1846,neg
1847,neg
1848,pos
1849,neg
1850,pos
1851,pos
1852,pos
1853,pos
1854,pos
1855,neg
1856,pos
1857,pos
1858,neg
1859,pos
1860,pos
1861,pos
1862,neg
1863,pos
1864,pos
1865,neg
1866,pos
1867,neg
1868,neg
1869,pos
1870,neg
1871,neg
1872,pos
1873,pos
1874,neg
1875,pos
1876,pos
1877,neg
1878,pos
1879,neg
1880,pos
1881,neg
1882,neg
1883,neg
1884,pos
1885,neg
1886,pos
1887,neg
1888,neg
1889,neg
1890,pos
1891,pos
1892,neg
1893,pos
1894,pos
1895,neg
1896,neg
1897,neg
1898,neg
1899,neg
1900,pos
1901,pos
1902,neg
1903,pos
1904,pos
1905,neg
1906,neg
1907,pos
1908,neg
1909,neg
1910,neg
1911,neg
1912,pos
1913,neg
1914,neg
1915,neg
1916,neg
1917,pos
1918,neg
1919,pos
1920,pos
1921,pos
1922,neg
1923,neg
1924,pos
1925,neg
1926,neg
1927,pos
1928,neg
1929,neg
1930,neg
1931,neg
1932,pos
1933,pos
1934,neg
1935,pos
1936,neg
1937,pos
1938,pos
1939,pos
1940,pos
1941,neg
1942,pos
1943,neg
1944,neg
1945,pos
1946,pos
1947,neg
1948,pos
1949,pos
1950,neg
1951,pos
1952,neg
1953,neg
1954,neg
1955,pos
1956,pos
1957,pos
1958,neg
1959,neg
1960,pos
1961,neg
1962,neg
1963,pos
1964,pos
1965,pos
1966,pos
1967,pos
1968,pos
1969,neg
1970,neg
1971,pos
1972,neg
1973,neg
1974,pos
1975,neg
1976,neg
1977,neg
1978,neg
1979,neg
1980,neg
1981,pos
1982,pos
1983,pos
1984,neg
1985,neg
1986,neg
1987,pos
1988,neg
1989,neg
1990,neg
1991,pos
1992,pos
1993,neg
1994,pos
1995,neg
1996,neg
1997,pos
1998,neg
1999,neg
2000,pos
2001,pos
2002,neg
2003,neg
2004,pos
2005,pos
2006,pos
2007,pos
2008,pos
2009,neg
2010,neg
2011,neg
2012,pos
2013,neg
2014,neg
2015,pos
2016,pos
2017,neg
2018,pos
2019,neg
2020,neg
2021,neg
2022,neg
2023,pos
2024,pos
2025,pos
2026,pos
2027,pos
2028,pos
2029,pos
2030,neg
2031,neg
2032,pos
2033,neg
2034,pos
2035,neg
2036,pos
2037,neg
2038,neg
2039,neg
2040,pos
2041,neg
2042,pos
2043,neg
2044,neg
2045,pos
2046,pos
2047,neg
2048,pos
2049,pos
2050,neg
2051,neg
2052,pos
2053,neg
2054,pos
2055,neg
2056,pos
2057,pos
2058,neg
2059,neg
2060,neg
2061,pos
2062,neg
2063,pos
2064,neg
2065,neg
2066,neg
2067,neg
2068,pos
2069,neg
2070,neg
2071,pos
2072,pos
2073,pos
2074,pos
2075,neg
2076,neg
2077,neg
2078,pos
2079,pos
2080,neg
2081,pos
2082,pos
2083,pos
2084,pos
2085,neg
2086,neg
2087,pos
2088,neg
2089,neg
2090,pos
2091,neg
2092,pos
2093,pos
2094,pos
2095,pos
2096,pos
2097,pos
2098,pos
2099,pos
2100,neg
2101,pos
2102,pos
2103,neg
2104,neg
2105,pos
2106,pos
2107,neg
2108,neg
2109,neg
2110,pos
2111,pos
2112,neg
2113,pos
2114,pos
2115,neg
2116,pos
2117,neg
2118,pos
2119,neg
2120,neg
2121,neg
2122,pos
2123,neg
2124,neg
2125,neg
2126,pos
2127,pos
2128,neg
2129,neg
2130,pos
2131,pos
2132,neg
2133,neg
2134,neg
2135,pos
2136,neg
2137,pos
2138,neg
2139,neg
2140,neg
2141,pos
2142,pos
2143,neg
2144,pos
2145,pos
2146,neg
2147,neg
2148,neg
2149,neg
2150,pos
2151,pos
2152,neg
2153,neg
2154,neg
2155,pos
2156,neg
2157,pos
2158,neg
2159,neg
2160,pos
2161,pos
2162,neg
2163,neg
2164,neg
2165,neg
2166,neg
2167,pos
2168,neg
2169,neg
2170,pos
2171,neg
2172,pos
2173,pos
2174,pos
2175,neg
2176,pos
2177,pos
2178,neg
2179,neg
2180,neg
2181,pos
2182,neg
2183,pos
2184,pos
2185,neg
2186,neg
2187,neg
2188,neg
2189,neg
2190,neg
2191,pos
2192,neg
2193,neg
2194,pos
2195,neg
2196,neg
2197,neg
2198,pos
2199,neg
2200,pos
2201,pos
2202,pos
2203,pos
2204,neg
2205,neg
2206,pos
2207,neg
2208,neg
2209,neg
2210,neg
2211,pos
2212,neg
2213,neg
2214,pos
2215,neg
2216,neg
2217,pos
2218,pos
2219,neg
2220,neg
2221,neg
2222,neg
2223,pos
2224,neg
2225,neg
2226,neg
2227,neg
2228,pos
2229,neg
2230,pos
2231,neg
2232,neg
2233,neg
2234,pos
2235,pos
2236,neg
2237,pos
2238,neg
2239,neg
2240,neg
2241,neg
2242,pos
2243,pos
2244,pos
2245,pos
2246,neg
2247,neg
2248,pos
2249,neg
2250,pos
2251,pos
2252,neg
2253,neg
2254,neg
2255,pos
2256,neg
2257,pos
2258,neg
2259,pos
2260,pos
2261,neg
2262,pos
2263,neg
2264,neg
2265,pos
2266,neg
2267,neg
2268,neg
2269,neg
2270,pos
2271,pos
2272,neg
2273,pos
2274,neg
2275,pos
2276,neg
2277,neg
2278,neg
2279,pos
2280,pos
2281,pos
2282,pos
2283,neg
2284,neg
2285,neg
2286,pos
2287,neg
2288,pos
2289,neg
2290,neg
2291,neg
2292,neg
2293,neg
2294,pos
2295,pos
2296,neg
2297,neg
2298,pos
2299,pos
2300,neg
2301,pos
2302,pos
2303,neg
2304,neg
2305,pos
2306,neg
2307,neg
2308,neg
2309,pos
2310,pos
2311,neg
2312,neg
2313,pos
2314,neg
2315,neg
2316,neg
2317,neg
2318,pos
2319,neg
2320,pos
2321,pos
2322,pos
2323,neg
2324,pos
2325,neg
2326,neg
2327,pos
2328,neg
2329,pos
2330,pos
2331,pos
2332,pos
2333,neg
2334,neg
2335,neg
2336,neg
2337,pos
2338,neg
2339,neg
2340,neg
2341,neg
2342,neg
2343,neg
2344,neg
2345,neg
2346,pos
2347,pos
2348,pos
2349,pos
2350,neg
2351,neg
2352,neg
2353,pos
2354,neg
2355,pos
2356,pos
2357,pos
2358,pos
2359,pos
2360,neg
2361,neg
2362,neg
2363,neg
2364,pos
2365,neg
2366,pos
2367,neg
2368,neg
2369,neg
2370,neg
2371,pos
2372,pos
2373,pos
2374,pos
2375,pos
2376,neg
2377,neg
2378,pos
2379,pos
2380,neg
2381,pos
2382,neg
2383,neg
2384,neg
2385,pos
2386,pos
2387,pos
2388,neg
2389,pos
2390,neg
2391,neg
2392,pos
2393,pos
2394,neg
2395,neg
2396,neg
2397,neg
2398,neg
2399,pos
2400,pos
2401,neg
2402,pos
2403,neg
2404,neg
2405,neg
2406,pos
2407,pos
2408,pos
2409,pos
2410,neg
2411,pos
2412,pos
2413,neg
2414,neg
2415,pos
2416,pos
2417,pos
2418,pos
2419,pos
2420,pos
2421,neg
2422,neg
2423,neg
2424,neg
2425,pos
2426,pos
2427,neg
2428,neg
2429,neg
2430,pos
2431,neg
2432,neg
2433,neg
2434,neg
2435,neg
2436,neg
2437,neg
2438,neg
2439,pos
2440,pos
2441,pos
2442,neg
2443,pos
2444,neg
2445,pos
2446,pos
2447,neg
2448,neg
2449,neg
2450,pos
2451,neg
2452,pos
2453,neg
2454,neg
2455,pos
2456,pos
2457,pos
2458,pos
2459,neg
2460,neg
2461,pos
2462,pos
2463,pos
2464,pos
2465,neg
2466,neg
2467,neg
2468,pos
2469,pos
2470,neg
2471,neg
2472,pos
2473,pos
2474,neg
2475,pos
2476,neg
2477,pos
2478,pos
2479,pos
2480,neg
2481,neg
2482,pos
2483,pos
2484,pos
2485,neg
2486,pos
2487,neg
2488,neg
2489,neg
2490,pos
2491,pos
2492,neg
2493,neg
2494,pos
2495,neg
2496,pos
2497,neg
2498,pos
2499,pos
2500,neg
2501,pos
2502,neg
2503,neg
2504,pos
2505,neg
2506,neg
2507,pos
2508,pos
2509,neg
2510,neg
2511,neg
2512,neg
2513,pos
2514,neg
2515,neg
2516,neg
2517,neg
2518,neg
2519,neg
2520,pos
2521,pos
2522,neg
2523,pos
2524,neg
2525,pos
2526,pos
2527,pos
2528,neg
2529,neg
2530,neg
2531,pos
2532,neg
2533,neg
2534,pos
2535,pos
2536,pos
2537,neg
2538,pos
2539,pos
2540,neg
2541,neg
2542,pos
2543,pos
2544,neg
2545,neg
2546,pos
2547,pos
2548,neg
2549,pos
2550,neg
2551,neg
2552,neg
2553,neg
2554,pos
2555,neg
2556,pos
2557,pos
2558,neg
2559,neg
2560,pos
2561,neg
2562,neg
2563,pos
2564,neg
2565,pos
2566,pos
2567,pos
2568,pos
2569,pos
2570,neg
2571,pos
2572,neg
2573,pos
2574,neg
2575,neg
2576,neg
2577,neg
2578,pos
2579,neg
2580,neg
2581,pos
2582,pos
2583,neg
2584,neg
2585,pos
2586,pos
2587,neg
2588,pos
2589,neg
2590,neg
2591,neg
2592,pos
2593,neg
2594,pos
2595,pos
2596,neg
2597,neg
2598,neg
2599,pos
2600,pos
2601,neg
2602,pos
2603,neg
2604,pos
2605,neg
2606,neg
2607,pos
2608,pos
2609,neg
2610,pos
2611,neg
2612,pos
2613,neg
2614,pos
2615,pos
2616,pos
2617,pos
2618,neg
2619,pos
2620,neg
2621,pos
2622,neg
2623,pos
2624,pos
2625,neg
2626,neg
2627,pos
2628,neg
2629,pos
2630,neg
2631,pos
2632,pos
2633,neg
2634,neg
2635,neg
2636,pos
2637,neg
2638,pos
2639,neg
2640,pos
2641,pos
2642,pos
2643,pos
2644,neg
2645,pos
2646,neg
2647,pos
2648,neg
2649,neg
2650,pos
2651,pos
2652,neg
2653,pos
2654,pos
2655,neg
2656,neg
2657,neg
2658,pos
2659,pos
2660,neg
2661,neg
2662,neg
2663,pos
2664,neg
2665,pos
2666,neg
2667,pos
2668,pos
2669,neg
2670,pos
2671,neg
2672,neg
2673,neg
2674,pos
2675,pos
2676,neg
2677,pos
2678,pos
2679,neg
2680,pos
2681,neg
2682,pos
2683,neg
2684,neg
2685,pos
2686,pos
2687,neg
2688,neg
2689,pos
2690,neg
2691,pos
2692,neg
2693,neg
2694,neg
2695,neg
2696,neg
2697,pos
2698,pos
2699,neg
2700,pos
2701,neg
2702,neg
2703,neg
2704,neg
2705,pos
2706,neg
2707,pos
2708,neg
2709,neg
2710,neg
2711,neg
2712,pos
2713,neg
2714,neg
2715,pos
2716,neg
2717,pos
2718,neg
2719,neg
2720,pos
2721,neg
2722,neg
2723,pos
2724,neg
2725,neg
2726,pos
2727,pos
2728,neg
2729,pos
2730,pos
2731,neg
2732,neg
2733,neg
2734,neg
2735,pos
2736,neg
2737,pos
2738,neg
2739,neg
2740,neg
2741,pos
2742,neg
2743,neg
2744,neg
2745,pos
2746,neg
2747,neg
2748,neg
2749,pos
2750,pos
2751,pos
2752,neg
2753,pos
2754,neg
2755,neg
2756,neg
2757,neg
2758,pos
2759,neg
2760,pos
2761,neg
2762,pos
2763,neg
2764,pos
2765,neg
2766,neg
2767,pos
2768,neg
2769,neg
2770,pos
2771,pos
2772,neg
2773,neg
2774,neg
2775,pos
2776,neg
2777,pos
2778,pos
2779,neg
2780,neg
2781,neg
2782,pos
2783,pos
2784,neg
2785,neg
2786,pos
2787,pos
2788,pos
2789,neg
2790,pos
2791,neg
2792,neg
2793,neg
2794,pos
2795,pos
2796,neg
2797,neg
2798,neg
2799,neg
2800,neg
2801,neg
2802,neg
2803,neg
2804,pos
2805,neg
2806,pos
2807,neg
2808,pos
2809,neg
2810,pos
2811,neg
2812,neg
2813,neg
2814,pos
2815,pos
2816,neg
2817,pos
2818,pos
2819,pos
2820,pos
2821,pos
2822,neg
2823,neg
2824,neg
2825,pos
2826,neg
2827,neg
2828,pos
2829,neg
2830,neg
2831,neg
2832,pos
2833,pos
2834,pos
2835,neg
2836,pos
2837,neg
2838,neg
2839,neg
2840,pos
2841,neg
2842,neg
2843,neg
2844,pos
2845,pos
2846,neg
2847,pos
2848,neg
2849,neg
2850,pos
2851,neg
2852,pos
2853,neg
2854,neg
2855,neg
2856,neg
2857,neg
2858,neg
2859,neg
2860,neg
2861,pos
2862,neg
2863,neg
2864,pos
2865,neg
2866,pos
2867,neg
2868,neg
2869,neg
2870,pos
2871,neg
2872,pos
2873,neg
2874,neg
2875,pos
2876,pos
2877,neg
2878,neg
2879,pos
2880,neg
2881,pos
2882,pos
2883,neg
2884,neg
2885,neg
2886,neg
2887,neg
2888,neg
2889,neg
2890,pos
2891,neg
2892,neg
2893,pos
2894,neg
2895,neg
2896,neg
2897,neg
2898,pos
2899,neg
2900,pos
2901,pos
2902,neg
2903,pos
2904,neg
2905,pos
2906,pos
2907,neg
2908,pos
2909,pos
2910,pos
2911,pos
2912,neg
2913,neg
2914,neg
2915,pos
2916,neg
2917,pos
2918,pos
2919,pos
2920,pos
2921,neg
2922,neg
2923,pos
2924,pos
2925,pos
2926,neg
2927,pos
2928,pos
2929,pos
2930,pos
2931,neg
2932,neg
2933,pos
2934,neg
2935,neg
2936,pos
2937,neg
2938,neg
2939,pos
2940,neg
2941,neg
2942,neg
2943,neg
2944,neg
2945,pos
2946,neg
2947,pos
2948,neg
2949,pos
2950,pos
2951,neg
2952,neg
2953,neg
2954,neg
2955,neg
2956,pos
2957,pos
2958,pos
2959,pos
2960,pos
2961,neg
2962,neg
2963,neg
2964,pos
2965,neg
2966,pos
2967,neg
2968,neg
2969,pos
2970,neg
2971,pos
2972,neg
2973,pos
2974,pos
2975,neg
2976,neg
2977,pos
2978,neg
2979,neg
2980,neg
2981,pos
2982,neg
2983,pos
2984,pos
2985,neg
2986,pos
2987,neg
2988,neg
2989,neg
2990,pos
2991,neg
2992,neg
2993,neg
2994,neg
2995,pos
2996,pos
2997,pos
2998,pos
2999,neg
3000,neg
3001,neg
3002,neg
3003,neg
3004,neg
3005,pos
3006,neg
3007,neg
3008,pos
3009,pos
3010,neg
3011,pos
3012,pos
3013,pos
3014,pos
3015,pos
3016,pos
3017,neg
3018,neg
3019,neg
3020,pos
3021,pos
3022,pos
3023,neg
3024,neg
3025,neg
3026,pos
3027,neg
3028,neg
3029,neg
3030,neg
3031,neg
3032,neg
3033,neg
3034,neg
3035,neg
3036,pos
3037,neg
3038,neg
3039,neg
3040,pos
3041,neg
3042,neg
3043,neg
3044,pos
3045,neg
3046,neg
3047,neg
3048,pos
3049,pos
3050,pos
3051,pos
3052,neg
3053,neg
3054,neg
3055,pos
3056,neg
3057,pos
3058,neg
3059,neg
3060,pos
3061,neg
3062,neg
3063,pos
3064,neg
3065,pos
3066,pos
3067,neg
3068,pos
3069,pos
3070,neg
3071,pos
3072,pos
3073,pos
3074,neg
3075,neg
3076,neg
3077,pos
3078,pos
3079,neg
3080,neg
3081,pos
3082,pos
3083,pos
3084,neg
3085,neg
3086,neg
3087,neg
3088,pos
3089,pos
3090,pos
3091,pos
3092,pos
3093,pos
3094,neg
3095,neg
3096,pos
3097,neg
3098,pos
3099,neg
3100,neg
3101,neg
3102,pos
3103,pos
3104,pos
3105,pos
3106,pos
3107,pos
3108,neg
3109,neg
3110,neg
3111,neg
3112,neg
3113,pos
3114,pos
3115,pos
3116,neg
3117,neg
3118,pos
3119,pos
3120,neg
3121,neg
3122,neg
3123,pos
3124,neg
3125,neg
3126,neg
3127,neg
3128,neg
3129,neg
3130,neg
3131,pos
3132,pos
3133,neg
3134,neg
3135,pos
3136,pos
3137,neg
3138,pos
3139,pos
3140,pos
3141,pos
3142,pos
3143,neg
3144,neg
3145,pos
3146,neg
3147,pos
3148,pos
3149,neg
3150,pos
3151,neg
3152,neg
3153,pos
3154,pos
3155,neg
3156,neg
3157,pos
3158,neg
3159,pos
3160,neg
3161,neg
3162,neg
3163,pos
3164,neg
3165,neg
3166,neg
3167,neg
3168,pos
3169,pos
3170,pos
3171,neg
3172,pos
3173,neg
3174,pos
3175,neg
3176,neg
3177,pos
3178,pos
3179,neg
3180,pos
3181,pos
3182,pos
3183,pos
3184,neg
3185,pos
3186,neg
3187,neg
3188,pos
3189,neg
3190,neg
3191,neg
3192,neg
3193,neg
3194,pos
3195,pos
3196,pos
3197,pos
3198,neg
3199,neg
3200,pos
3201,neg
3202,pos
3203,pos
3204,neg
3205,neg
3206,neg
3207,pos
3208,pos
3209,pos
3210,pos
3211,pos
3212,pos
3213,neg
3214,neg
3215,pos
3216,pos
3217,neg
3218,pos
3219,neg
3220,neg
3221,neg
3222,neg
3223,pos
3224,neg
3225,neg
3226,pos
3227,neg
3228,pos
3229,pos
3230,pos
3231,neg
3232,neg
3233,pos
3234,pos
3235,neg
3236,pos
3237,pos
3238,neg
3239,pos
3240,neg
3241,neg
3242,pos
3243,pos
3244,neg
3245,pos
3246,neg
3247,pos
3248,pos
3249,pos
3250,neg
3251,pos
3252,neg
3253,neg
3254,pos
3255,neg
3256,pos
3257,neg
3258,neg
3259,neg
3260,neg
3261,pos
3262,neg
3263,pos
3264,neg
3265,pos
3266,neg
3267,pos
3268,pos
3269,neg
3270,pos
3271,pos
3272,pos
3273,neg
3274,pos
3275,neg
3276,neg
3277,neg
3278,neg
3279,neg
3280,neg
3281,neg
3282,pos
3283,pos
3284,neg
3285,pos
3286,neg
3287,pos
3288,neg
3289,pos
3290,pos
3291,pos
3292,pos
3293,pos
3294,neg
3295,neg
3296,pos
3297,neg
3298,neg
3299,neg
3300,pos
3301,neg
3302,neg
3303,neg
3304,pos
3305,pos
3306,neg
3307,pos
3308,neg
3309,pos
3310,neg
3311,pos
3312,pos
3313,neg
3314,neg
3315,neg
3316,pos
3317,neg
3318,pos
3319,pos
3320,neg
3321,neg
3322,neg
3323,neg
3324,pos
3325,pos
3326,pos
3327,pos
3328,pos
3329,pos
3330,neg
3331,pos
3332,pos
3333,pos
3334,neg
3335,neg
3336,pos
3337,neg
3338,neg
3339,neg
3340,pos
3341,pos
3342,neg
3343,neg
3344,neg
3345,neg
3346,pos
3347,pos
3348,neg
3349,pos
3350,pos
3351,neg
3352,neg
3353,neg
3354,pos
3355,neg
3356,neg
3357,pos
3358,neg
3359,pos
3360,neg
3361,neg
3362,pos
3363,pos
3364,pos
3365,neg
3366,neg
3367,neg
3368,pos
3369,neg
3370,pos
3371,pos
3372,pos
3373,pos
3374,neg
3375,neg
3376,pos
3377,neg
3378,pos
3379,pos
3380,neg
3381,pos
3382,neg
3383,pos
3384,pos
3385,pos
3386,neg
3387,neg
3388,pos
3389,pos
3390,pos
3391,neg
3392,neg
3393,pos
3394,neg
3395,pos
3396,pos
3397,pos
3398,neg
3399,pos
3400,pos
3401,neg
3402,neg
3403,pos
3404,neg
3405,neg
3406,neg
3407,pos
3408,pos
3409,pos
3410,neg
3411,pos
3412,pos
3413,neg
3414,neg
3415,neg
3416,pos
3417,pos
3418,pos
3419,neg
3420,pos
3421,neg
3422,neg
3423,pos
3424,pos
3425,neg
3426,pos
3427,neg
3428,neg
3429,neg
3430,pos
3431,neg
3432,pos
3433,pos
3434,neg
3435,neg
3436,pos
3437,pos
3438,pos
3439,neg
3440,pos
3441,neg
3442,neg
3443,pos
3444,pos
3445,neg
3446,neg
3447,neg
3448,neg
3449,pos
3450,pos
3451,neg
3452,neg
3453,pos
3454,neg
3455,pos
3456,neg
3457,neg
3458,pos
3459,neg
3460,neg
3461,pos
3462,neg
3463,pos
3464,neg
3465,pos
3466,neg
3467,neg
3468,pos
3469,pos
3470,neg
3471,neg
3472,neg
3473,pos
3474,neg
3475,neg
3476,neg
3477,neg
3478,neg
3479,pos
3480,neg
3481,pos
3482,pos
3483,neg
3484,neg
3485,pos
3486,pos
3487,neg
3488,neg
3489,pos
3490,pos
3491,pos
3492,pos
3493,pos
3494,neg
3495,neg
3496,pos
3497,neg
3498,neg
3499,pos
3500,neg
3501,neg
3502,pos
3503,pos
3504,neg
3505,neg
3506,pos
3507,neg
3508,neg
3509,neg
3510,pos
3511,pos
3512,pos
3513,neg
3514,pos
3515,pos
3516,neg
3517,neg
3518,pos
3519,neg
3520,neg
3521,neg
3522,neg
3523,neg
3524,neg
3525,neg
3526,pos
3527,pos
3528,pos
3529,neg
3530,pos
3531,pos
3532,pos
3533,pos
3534,neg
3535,pos
3536,pos
3537,pos
3538,neg
3539,pos
3540,pos
3541,pos
3542,neg
3543,pos
3544,neg
3545,neg
3546,neg
3547,pos
3548,neg
3549,neg
3550,pos
3551,pos
3552,neg
3553,pos
3554,pos
3555,pos
3556,pos
3557,neg
3558,neg
3559,neg
3560,pos
3561,pos
3562,neg
3563,pos
3564,neg
3565,neg
3566,neg
3567,neg
3568,pos
3569,neg
3570,neg
3571,neg
3572,pos
3573,pos
3574,pos
3575,pos
3576,neg
3577,neg
3578,neg
3579,pos
3580,neg
3581,pos
3582,neg
3583,neg
3584,pos
3585,pos
3586,neg
3587,neg
3588,neg
3589,neg
3590,neg
3591,neg
3592,pos
3593,pos
3594,pos
3595,pos
3596,neg
3597,pos
3598,pos
3599,pos
3600,pos
3601,pos
3602,pos
3603,neg
3604,pos
3605,pos
3606,neg
3607,pos
3608,pos
3609,neg
3610,pos
3611,neg
3612,pos
3613,pos
3614,pos
3615,neg
3616,neg
3617,neg
3618,pos
3619,pos
3620,pos
3621,pos
3622,neg
3623,neg
3624,neg
3625,pos
3626,pos
3627,pos
3628,pos
3629,pos
3630,neg
3631,pos
3632,neg
3633,pos
3634,pos
3635,pos
3636,pos
3637,neg
3638,neg
3639,neg
3640,neg
3641,neg
3642,neg
3643,pos
3644,neg
3645,pos
3646,pos
3647,pos
3648,neg
3649,neg
3650,neg
3651,neg
3652,pos
3653,pos
3654,neg
3655,neg
3656,neg
3657,neg
3658,neg
3659,neg
3660,neg
3661,neg
3662,neg
3663,pos
3664,pos
3665,neg
3666,pos
3667,neg
3668,pos
3669,pos
3670,pos
3671,pos
3672,pos
3673,pos
3674,pos
3675,pos
3676,neg
3677,pos
3678,pos
3679,pos
3680,pos
3681,pos
3682,neg
3683,pos
3684,neg
3685,pos
3686,neg
3687,neg
3688,neg
3689,neg
3690,neg
3691,pos
3692,neg
3693,neg
3694,neg
3695,neg
3696,neg
3697,pos
3698,neg
3699,pos
3700,pos
3701,neg
3702,neg
3703,pos
3704,neg
3705,neg
3706,pos
3707,pos
3708,neg
3709,pos
3710,neg
3711,neg
3712,pos
3713,neg
3714,neg
3715,pos
3716,neg
3717,pos
3718,pos
3719,neg
3720,pos
3721,pos
3722,pos
3723,pos
3724,pos
3725,neg
3726,pos
3727,pos
3728,neg
3729,neg
3730,neg
3731,pos
3732,neg
3733,pos
3734,neg
3735,neg
3736,pos
3737,pos
3738,neg
3739,neg
3740,pos
3741,pos
3742,pos
3743,pos
3744,pos
3745,neg
3746,pos
3747,neg
3748,pos
3749,neg
3750,pos
3751,neg
3752,pos
3753,neg
3754,neg
3755,pos
3756,neg
3757,neg
3758,pos
3759,neg
3760,pos
3761,neg
3762,neg
3763,neg
3764,pos
3765,neg
3766,neg
3767,pos
3768,neg
3769,pos
3770,pos
3771,neg
3772,neg
3773,neg
3774,neg
3775,pos
3776,pos
3777,neg
3778,pos
3779,pos
3780,pos
3781,pos
3782,neg
3783,neg
3784,pos
3785,pos
3786,pos
3787,pos
3788,pos
3789,neg
3790,pos
3791,pos
3792,pos
3793,pos
3794,pos
3795,neg
3796,neg
3797,neg
3798,neg
3799,neg
3800,pos
3801,pos
3802,pos
3803,pos
3804,neg
3805,neg
3806,neg
3807,neg
3808,pos
3809,pos
3810,neg
3811,neg
3812,neg
3813,pos
3814,neg
3815,neg
3816,pos
3817,pos
3818,neg
3819,pos
3820,pos
3821,neg
3822,pos
3823,neg
3824,pos
3825,neg
3826,pos
3827,neg
3828,neg
3829,neg
3830,pos
3831,pos
3832,neg
3833,neg
3834,pos
3835,pos
3836,neg
3837,pos
3838,pos
3839,neg
3840,neg
3841,neg
3842,neg
3843,pos
3844,pos
3845,neg
3846,neg
3847,neg
3848,pos
3849,neg
3850,neg
3851,neg
3852,neg
3853,pos
3854,neg
3855,pos
3856,pos
3857,neg
3858,pos
3859,pos
3860,pos
3861,pos
3862,pos
3863,pos
3864,pos
3865,neg
3866,pos
3867,neg
3868,pos
3869,pos
3870,pos
3871,pos
3872,pos
3873,neg
3874,neg
3875,neg
3876,neg
3877,neg
3878,neg
3879,pos
3880,neg
3881,neg
3882,pos
3883,neg
3884,neg
3885,pos
3886,neg
3887,neg
3888,pos
3889,neg
3890,pos
3891,pos
3892,neg
3893,neg
3894,pos
3895,pos
3896,neg
3897,neg
3898,neg
3899,pos
3900,neg
3901,neg
3902,pos
3903,neg
3904,pos
3905,neg
3906,neg
3907,pos
3908,neg
3909,pos
3910,pos
3911,neg
3912,pos
3913,pos
3914,neg
3915,pos
3916,pos
3917,neg
3918,neg
3919,neg
3920,neg
3921,neg
3922,neg
3923,neg
3924,pos
3925,neg
3926,neg
3927,neg
3928,neg
3929,neg
3930,neg
3931,neg
3932,neg
3933,pos
3934,neg
3935,pos
3936,neg
3937,neg
3938,pos
3939,neg
3940,pos
3941,pos
3942,neg
3943,neg
3944,pos
3945,neg
3946,pos
3947,pos
3948,pos
3949,neg
3950,pos
3951,neg
3952,pos
3953,neg
3954,neg
3955,pos
3956,pos
3957,neg
3958,pos
3959,neg
3960,neg
3961,neg
3962,neg
3963,pos
3964,pos
3965,neg
3966,pos
3967,neg
3968,pos
3969,pos
3970,pos
3971,neg
3972,neg
3973,pos
3974,pos
3975,neg
3976,pos
3977,neg
3978,neg
3979,pos
3980,pos
3981,pos
3982,pos
3983,neg
3984,neg
3985,neg
3986,neg
3987,neg
3988,neg
3989,neg
3990,neg
3991,neg
3992,neg
3993,neg
3994,neg
3995,pos
3996,neg
3997,neg
3998,pos
3999,neg
4000,pos
4001,pos
4002,neg
4003,neg
4004,neg
4005,neg
4006,neg
4007,neg
4008,neg
4009,neg
4010,pos
4011,pos
4012,pos
4013,pos
4014,pos
4015,pos
4016,pos
4017,neg
4018,neg
4019,neg
4020,neg
4021,neg
4022,neg
4023,neg
4024,pos
4025,pos
4026,pos
4027,neg
4028,pos
4029,neg
4030,neg
4031,pos
4032,neg
4033,neg
4034,pos
4035,pos
4036,neg
4037,pos
4038,neg
4039,pos
4040,pos
4041,pos
4042,neg
4043,neg
4044,pos
4045,pos
4046,neg
4047,neg
4048,pos
4049,neg
4050,pos
4051,pos
4052,neg
4053,neg
4054,neg
4055,neg
4056,pos
4057,neg
4058,pos
4059,neg
4060,neg
4061,neg
4062,pos
4063,neg
4064,neg
4065,neg
4066,neg
4067,neg
4068,pos
4069,neg
4070,neg
4071,neg
4072,neg
4073,pos
4074,neg
4075,neg
4076,neg
4077,neg
4078,pos
4079,pos
4080,pos
4081,pos
4082,pos
4083,neg
4084,neg
4085,pos
4086,pos
4087,neg
4088,pos
4089,pos
4090,pos
4091,neg
4092,pos
4093,pos
4094,neg
4095,neg
4096,neg
4097,pos
4098,neg
4099,pos
4100,neg
4101,neg
4102,pos
4103,neg
4104,pos
4105,pos
4106,neg
4107,pos
4108,neg
4109,neg
4110,neg
4111,neg
4112,neg
4113,neg
4114,neg
4115,neg
4116,neg
4117,neg
4118,pos
4119,neg
4120,pos
4121,neg
4122,neg
4123,pos
4124,neg
4125,neg
4126,neg
4127,neg
4128,pos
4129,neg
4130,neg
4131,pos
4132,pos
4133,neg
4134,neg
4135,pos
4136,neg
4137,pos
4138,neg
4139,pos
4140,neg
4141,neg
4142,neg
4143,neg
4144,neg
4145,neg
4146,neg
4147,pos
4148,neg
4149,neg
4150,neg
4151,neg
4152,neg
4153,pos
4154,pos
4155,neg
4156,neg
4157,pos
4158,pos
4159,pos
4160,neg
4161,pos
4162,pos
4163,pos
4164,neg
4165,neg
4166,pos
4167,neg
4168,pos
4169,neg
4170,neg
4171,pos
4172,neg
4173,pos
4174,neg
4175,pos
4176,pos
4177,neg
4178,neg
4179,neg
4180,neg
4181,neg
4182,neg
4183,neg
4184,pos
4185,neg
4186,pos
4187,pos
4188,pos
4189,neg
4190,neg
4191,neg
4192,neg
4193,neg
4194,pos
4195,neg
4196,neg
4197,pos
4198,neg
4199,pos
4200,neg
4201,neg
4202,neg
4203,pos
4204,neg
4205,neg
4206,neg
4207,pos
4208,neg
4209,neg
4210,pos
4211,neg
4212,neg
4213,pos
4214,neg
4215,pos
4216,neg
4217,pos
4218,pos
4219,neg
4220,pos
4221,neg
4222,neg
4223,neg
4224,neg
4225,pos
4226,neg
4227,pos
4228,neg
4229,neg
4230,pos
4231,pos
4232,pos
4233,pos
4234,neg
4235,pos
4236,pos
4237,pos
4238,pos
4239,pos
4240,pos
4241,pos
4242,pos
4243,neg
4244,pos
4245,pos
4246,pos
4247,pos
4248,neg
4249,pos
4250,pos
4251,neg
4252,pos
4253,pos
4254,pos
4255,neg
4256,pos
4257,pos
4258,pos
4259,pos
4260,neg
4261,neg
4262,neg
4263,neg
4264,pos
4265,neg
4266,pos
4267,pos
4268,pos
4269,neg
4270,neg
4271,pos
4272,pos
4273,neg
4274,neg
4275,neg
4276,pos
4277,neg
4278,neg
4279,pos
4280,neg
4281,pos
4282,pos
4283,pos
4284,neg
4285,neg
4286,neg
4287,neg
4288,neg
4289,pos
4290,pos
4291,pos
4292,neg
4293,neg
4294,neg
4295,neg
4296,neg
4297,pos
4298,neg
4299,neg
4300,pos
4301,neg
4302,pos
4303,neg
4304,neg
4305,neg
4306,neg
4307,pos
4308,neg
4309,pos
4310,neg
4311,neg
4312,pos
4313,neg
4314,pos
4315,neg
4316,neg
4317,neg
4318,neg
4319,neg
4320,neg
4321,neg
4322,neg
4323,neg
4324,neg
4325,pos
4326,pos
4327,neg
4328,pos
4329,pos
4330,pos
4331,neg
4332,pos
4333,pos
4334,pos
4335,neg
4336,pos
4337,pos
4338,neg
4339,pos
4340,pos
4341,neg
4342,pos
4343,neg
4344,neg
4345,pos
4346,neg
4347,neg
4348,pos
4349,neg
4350,pos
4351,neg
4352,pos
4353,pos
4354,neg
4355,pos
4356,pos
4357,neg
4358,neg
4359,pos
4360,neg
4361,pos
4362,pos
4363,neg
4364,neg
4365,neg
4366,neg
4367,neg
4368,pos
4369,neg
4370,pos
4371,pos
4372,neg
4373,neg
4374,neg
4375,neg
4376,neg
4377,pos
4378,neg
4379,pos
4380,pos
4381,neg
4382,pos
4383,pos
4384,neg
4385,neg
4386,pos
4387,neg
4388,neg
4389,pos
4390,pos
4391,pos
4392,pos
4393,neg
4394,pos
4395,neg
4396,neg
4397,neg
4398,neg
4399,pos
4400,pos
4401,neg
4402,neg
4403,pos
4404,pos
4405,neg
4406,pos
4407,pos
4408,neg
4409,neg
4410,neg
4411,pos
4412,neg
4413,neg
4414,neg
4415,neg
4416,neg
4417,neg
4418,pos
4419,neg
4420,neg
4421,pos
4422,neg
4423,pos
4424,neg
4425,pos
4426,neg
4427,neg
4428,neg
4429,neg
4430,pos
4431,neg
4432,neg
4433,pos
4434,neg
4435,pos
4436,pos
4437,pos
4438,neg
4439,pos
4440,pos
4441,neg
4442,neg
4443,neg
4444,pos
4445,pos
4446,neg
4447,neg
4448,pos
4449,neg
4450,neg
4451,pos
4452,neg
4453,pos
4454,pos
4455,pos
4456,pos
4457,pos
4458,neg
4459,neg
4460,neg
4461,pos
4462,pos
4463,neg
4464,pos
4465,pos
4466,neg
4467,neg
4468,pos
4469,neg
4470,pos
4471,neg
4472,pos
4473,pos
4474,pos
4475,neg
4476,pos
4477,neg
4478,pos
4479,pos
4480,pos
4481,pos
4482,neg
4483,pos
4484,neg
4485,neg
4486,neg
4487,neg
4488,neg
4489,pos
4490,pos
4491,neg
4492,neg
4493,neg
4494,pos
4495,pos
4496,neg
4497,neg
4498,neg
4499,neg
4500,pos
4501,pos
4502,pos
4503,neg
4504,neg
4505,neg
4506,pos
4507,pos
4508,neg
4509,neg
4510,neg
4511,neg
4512,pos
4513,neg
4514,pos
4515,neg
4516,pos
4517,pos
4518,neg
4519,neg
4520,pos
4521,neg
4522,neg
4523,neg
4524,pos
4525,pos
4526,neg
4527,pos
4528,neg
4529,neg
4530,pos
4531,neg
4532,neg
4533,neg
4534,pos
4535,neg
4536,pos
4537,pos
4538,neg
4539,pos
4540,neg
4541,neg
4542,neg
4543,neg
4544,neg
4545,pos
4546,pos
4547,neg
4548,neg
4549,pos
4550,pos
4551,neg
4552,neg
4553,pos
4554,pos
4555,neg
4556,neg
4557,neg
4558,pos
4559,pos
4560,neg
4561,pos
4562,pos
4563,neg
4564,neg
4565,neg
4566,neg
4567,pos
4568,neg
4569,neg
4570,neg
4571,pos
4572,neg
4573,neg
4574,pos
4575,neg
4576,pos
4577,neg
4578,neg
4579,neg
4580,pos
4581,neg
4582,pos
4583,neg
4584,pos
4585,neg
4586,neg
4587,neg
4588,pos
4589,neg
4590,pos
4591,neg
4592,pos
4593,neg
4594,neg
4595,pos
4596,neg
4597,neg
4598,neg
4599,pos
4600,neg
4601,neg
4602,pos
4603,pos
4604,pos
4605,pos
4606,neg
4607,neg
4608,pos
4609,neg
4610,neg
4611,neg
4612,neg
4613,neg
4614,neg
4615,pos
4616,pos
4617,pos
4618,pos
4619,pos
4620,pos
4621,pos
4622,neg
4623,pos
4624,neg
4625,pos
4626,pos
4627,pos
4628,neg
4629,neg
4630,neg
4631,pos
4632,neg
4633,neg
4634,pos
4635,pos
4636,neg
4637,neg
4638,neg
4639,neg
4640,neg
4641,neg
4642,neg
4643,neg
4644,pos
4645,pos
4646,neg
4647,neg
4648,neg
4649,pos
4650,pos
4651,neg
4652,neg
4653,pos
4654,pos
4655,pos
4656,neg
4657,pos
4658,neg
4659,pos
4660,pos
4661,neg
4662,pos
4663,neg
4664,pos
4665,pos
4666,neg
4667,pos
4668,pos
4669,pos
4670,neg
4671,pos
4672,pos
4673,pos
4674,pos
4675,pos
4676,pos
4677,neg
4678,pos
4679,neg
4680,pos
4681,pos
4682,neg
4683,neg
4684,pos
4685,pos
4686,pos
4687,pos
4688,neg
4689,pos
4690,pos
4691,neg
4692,pos
4693,neg
4694,neg
4695,neg
4696,pos
4697,neg
4698,neg
4699,neg
4700,neg
4701,pos
4702,neg
4703,neg
4704,pos
4705,pos
4706,neg
4707,neg
4708,neg
4709,neg
4710,pos
4711,neg
4712,neg
4713,neg
4714,pos
4715,neg
4716,neg
4717,pos
4718,neg
4719,neg
4720,neg
4721,pos
4722,pos
4723,pos
4724,pos
4725,neg
4726,neg
4727,pos
4728,neg
4729,neg
4730,pos
4731,neg
4732,pos
4733,pos
4734,pos
4735,neg
4736,pos
4737,pos
4738,neg
4739,pos
4740,neg
4741,neg
4742,pos
4743,pos
4744,pos
4745,pos
4746,neg
4747,neg
4748,pos
4749,neg
4750,neg
4751,pos
4752,pos
4753,pos
4754,pos
4755,pos
4756,neg
4757,neg
4758,neg
4759,neg
4760,pos
4761,pos
4762,neg
4763,pos
4764,pos
4765,neg
4766,pos
4767,neg
4768,neg
4769,neg
4770,neg
4771,pos
4772,pos
4773,neg
4774,neg
4775,pos
4776,neg
4777,neg
4778,pos
4779,neg
4780,pos
4781,neg
4782,neg
4783,neg
4784,pos
4785,neg
4786,pos
4787,neg
4788,neg
4789,pos
4790,pos
4791,pos
4792,pos
4793,pos
4794,neg
4795,neg
4796,pos
4797,pos
4798,neg
4799,neg
4800,neg
4801,neg
4802,neg
4803,pos
4804,neg
4805,neg
4806,pos
4807,pos
4808,neg
4809,pos
4810,neg
4811,neg
4812,pos
4813,pos
4814,neg
4815,pos
4816,pos
4817,pos
4818,pos
4819,neg
4820,pos
4821,neg
4822,pos
4823,neg
4824,neg
4825,pos
4826,neg
4827,neg
4828,neg
4829,neg
4830,pos
4831,neg
4832,pos
4833,neg
4834,neg
4835,pos
4836,neg
4837,pos
4838,neg
4839,pos
4840,neg
4841,neg
4842,neg
4843,pos
4844,neg
4845,pos
4846,pos
4847,neg
4848,neg
4849,pos
4850,pos
4851,neg
4852,neg
4853,neg
4854,neg
4855,neg
4856,pos
4857,neg
4858,neg
4859,pos
4860,pos
4861,neg
4862,neg
4863,neg
4864,pos
4865,neg
4866,pos
4867,pos
4868,pos
4869,neg
4870,pos
4871,neg
4872,pos
4873,neg
4874,neg
4875,neg
4876,pos
4877,neg
4878,pos
4879,neg
4880,pos
4881,neg
4882,pos
4883,neg
4884,pos
4885,pos
4886,pos
4887,pos
4888,pos
4889,neg
4890,neg
4891,neg
4892,neg
4893,neg
4894,neg
4895,neg
4896,neg
4897,neg
4898,neg
4899,pos
4900,neg
4901,neg
4902,pos
4903,neg
4904,pos
4905,pos
4906,pos
4907,neg
4908,neg
4909,pos
4910,pos
4911,pos
4912,neg
4913,pos
4914,pos
4915,pos
4916,neg
4917,neg
4918,pos
4919,pos
4920,neg
4921,neg
4922,pos
4923,neg
4924,neg
4925,neg
4926,neg
4927,pos
4928,neg
4929,pos
4930,pos
4931,neg
4932,neg
4933,pos
4934,pos
4935,pos
4936,pos
4937,neg
4938,neg
4939,pos
4940,neg
4941,pos
4942,pos
4943,pos
4944,pos
4945,neg
4946,neg
4947,pos
4948,pos
4949,neg
4950,pos
4951,neg
4952,pos
4953,neg
4954,neg
4955,neg
4956,neg
4957,pos
4958,neg
4959,pos
4960,pos
4961,pos
4962,neg
4963,neg
4964,pos
4965,pos
4966,pos
4967,neg
4968,neg
4969,pos
4970,pos
4971,pos
4972,neg
4973,neg
4974,pos
4975,neg
4976,neg
4977,pos
4978,neg
4979,pos
4980,pos
4981,pos
4982,pos
4983,pos
4984,neg
4985,neg
4986,neg
4987,neg
4988,pos
4989,neg
4990,neg
4991,pos
4992,pos
4993,pos
4994,pos
4995,pos
4996,neg
4997,pos
4998,pos
4999,pos
5000,neg
